{"index":{"0":0,"1":0,"2":0,"3":0,"4":0,"5":0},"model":{"0":"universal","1":"doc2vec","2":"hugging","3":"infer","4":"ae","5":"tfidf"},"time":{"0":787.356144625,"1":73.026970125,"2":105.461459958,"3":899.217688291,"4":157.944657708,"5":68.780438917}}