{"index":{"0":0,"1":0,"2":0,"3":0,"4":0,"5":0},"model":{"0":"universal","1":"doc2vec","2":"hugging","3":"infer","4":"ae","5":"tfidf"},"time":{"0":782.818169667,"1":69.8593715,"2":104.56035675,"3":280.330383041,"4":158.603692916,"5":68.291577875}}