{"index":{"0":0,"1":0,"2":0,"3":0,"4":0,"5":0,"6":0,"7":0},"model":{"0":"init new db","1":"create docs","2":"universal","3":"doc2vec","4":"hugging","5":"infer","6":"ae","7":"tfidf"},"time":{"0":0.145216875,"1":49.995775625,"2":53.751592708,"3":49.499709916,"4":53.389146125,"5":156.655344375,"6":0.000007333,"7":50.71324025}}