{"index":{"0":0,"1":0,"2":0,"3":0,"4":0,"5":0,"6":0,"7":0,"8":0},"model":{"0":"init new db","1":"create docs","2":"universal","3":"doc2vec","4":"hugging","5":"infer","6":"ae","7":"tfidf","8":"pca_optics"},"time":{"0":0.111872958,"1":48.752085167,"2":52.683840042,"3":49.077526334,"4":53.183628417,"5":157.055909542,"6":0.000002417,"7":50.638843833,"8":14.309153042}}